{
    "materials": [{
        "specularCoef": 50,
        "depthTest": true,
        "opacity": 1,
        "blending": "NormalBlending",
        "colorSpecular": [0.5,0.5,0.5],
        "visible": true,
        "depthWrite": true,
        "DbgColor": 15658734,
        "DbgIndex": 0,
        "colorEmissive": [0,0,0],
        "wireframe": false,
        "colorDiffuse": [0.3,0.2,0.1],
        "DbgName": "eagle",
        "shading": "lambert",
        "transparent": false
    }],
    "vertices": [-0.031473,-0.196062,-0.122552,-0.019923,0.226233,0.056643,-0.029557,0.218232,0.086828,-0.029557,0.206196,0.086408,-0.045613,-0.15155,-0.076515,-0.037117,-0.220212,-0.104097,-0.044105,0.176803,0.046896,-0.108518,0.11168,-0.013882,-0.073531,-0.051071,-0.09034,-0.103226,0.07062,-0.034985,-0.029557,0.226443,0.072606,-0.037767,0.188509,0.019473,-0.045225,0.084384,0.080785,-0.045613,0.124241,-0.050094,-0.044983,0.038796,0.067469,-0.045346,0.004382,0.044807,-0.047737,-0.040266,-0.112156,-0.067786,0.043858,0.027857,-0.066927,0.088124,0.046571,-0.045613,0.083047,-0.069027,-0.045613,0.037373,-0.09002,-0.034908,0.169805,0.071661,-0.054213,-0.114491,-0.021341,-0.055069,-0.111305,-0.00259,-0.027979,-0.114491,-0.019754,-0.03514,-0.111305,0.003109,-0.077745,-0.125602,0.050324,-0.037217,-0.133074,-0.051321,-0.035423,-0.127619,0.011935,-0.052859,-0.122088,0.055732,-0.02644,-0.123295,0.057126,-0.055606,-0.128677,0.014437,-0.077669,-0.141373,0.044278,-0.052984,-0.14221,0.043914,-0.027138,-0.141878,0.044849,-0.052386,-0.139299,0.004034,-0.038803,-0.141425,0.021775,-0.057859,-0.130828,-0.01941,-0.021154,-0.134988,-0.011364,-0.076026,-0.119881,0.042432,-0.07587,-0.125352,0.041841,-0.055799,-0.114991,0.04296,-0.055287,-0.123883,0.041999,-0.030212,-0.114951,0.042964,-0.0307,-0.124028,0.041984,-0.026346,-0.117307,0.04271,-0.07058,-0.125396,0.041836,-0.07284,-0.119866,0.042464,-0.024648,-0.126177,0.041752,-0.052848,-0.142381,0.040002,-0.047763,-0.142617,0.039976,-0.045886,-0.123187,0.042075,-0.072107,-0.141953,0.040034,-0.074809,-0.140839,0.040168,-0.02437,-0.141777,0.040053,-0.030021,-0.142504,0.039989,-0.045219,-0.11429,0.043035,-0.045613,-0.07472,-0.03809,-0.046611,-0.084754,-0.005933,-0.027558,-0.084755,-0.025084,-0.075792,0.099988,0.018895,0.031473,-0.196062,-0.122552,0.019923,0.226233,0.056643,0.029557,0.218232,0.086828,0.029557,0.206197,0.086408,0.045613,-0.15155,-0.076515,0.037117,-0.220212,-0.104097,0.044104,0.176804,0.046896,0.108518,0.11168,-0.013882,0.073531,-0.051071,-0.09034,0.103226,0.07062,-0.034985,0.029557,0.226443,0.072606,0.037767,0.188509,0.019473,0.045225,0.084383,0.080785,0.045613,0.12424,-0.050094,0.044984,0.038796,0.06747,0.045348,0.004382,0.044808,0.047737,-0.040265,-0.112156,0.067785,0.043858,0.027857,0.066925,0.088124,0.04657,0.045613,0.083047,-0.069027,0.045613,0.037372,-0.09002,0.034912,0.169807,0.071661,0.054213,-0.114491,-0.021341,0.055069,-0.111305,-0.00259,0.027979,-0.114491,-0.019754,0.03514,-0.111305,0.003109,0.077745,-0.125602,0.050324,0.037217,-0.133074,-0.051321,0.035423,-0.127619,0.011935,0.052859,-0.122088,0.055732,0.02644,-0.123295,0.057126,0.055606,-0.128677,0.014437,0.077669,-0.141373,0.044278,0.052984,-0.14221,0.043914,0.027138,-0.141878,0.044849,0.052386,-0.139299,0.004034,0.038803,-0.141425,0.021775,0.057859,-0.130828,-0.01941,0.021154,-0.134988,-0.011364,0.076026,-0.119881,0.042432,0.07587,-0.125352,0.041841,0.055799,-0.114991,0.04296,0.055287,-0.123883,0.041999,0.030211,-0.114951,0.042964,0.0307,-0.124028,0.041984,0.026346,-0.117307,0.04271,0.07058,-0.125396,0.041836,0.07284,-0.119866,0.042464,0.024648,-0.126177,0.041752,0.052848,-0.142381,0.040002,0.047763,-0.142618,0.039976,0.045886,-0.123187,0.042075,0.072107,-0.141953,0.040034,0.074809,-0.140839,0.040168,0.02437,-0.141777,0.040053,0.030021,-0.142504,0.039989,0.045219,-0.11429,0.043035,0.045613,-0.07472,-0.03809,0.046611,-0.084755,-0.005933,0.027558,-0.084755,-0.025084,0.075792,0.099988,0.018895,5.1e-05,0.12484,-0.038071,4.2e-05,0.194438,0.019534,4.2e-05,0.1694,0.085437,4.6e-05,0.204797,0.120234,4.6e-05,0.233541,0.076113,4.6e-05,0.228836,0.049049,4.6e-05,0.1771,0.114789,4.6e-05,0.190034,0.096277,5.1e-05,0.078734,-0.061173,5.1e-05,0.035347,-0.084761,5.1e-05,0.079594,0.097244,5.1e-05,0.037182,0.079584,5.1e-05,0.002708,0.056048,5.1e-05,-0.041918,-0.104232,5.1e-05,-0.085263,-0.032672,5.1e-05,-0.133472,-0.100971,5.1e-05,-0.154069,-0.122542,5.1e-05,-0.233541,-0.107527,5.1e-05,-0.174562,-0.083373,0.00403,0.191003,0.11014,4.6e-05,0.189667,0.109331,-0.003951,0.191003,0.11014,4.6e-05,0.196204,0.122552,0.058019,-0.064211,-0.061309,-0.058019,-0.064211,-0.061309,-0.074376,0.055991,0.000702,0.074376,0.055991,0.000702,-0.045833,-0.113194,-0.087136,0.045833,-0.113194,-0.087136,0.074121,0.01743,-0.019536,-0.074121,0.01743,-0.019536,-0.070104,0.009675,0.009492,0.070103,0.009676,0.009493,-0.096547,0.029149,-0.055069,0.096547,0.029149,-0.055069],